Frame;CaptureTime;LogTime;HMDPosition;HMDRotation;GazeStatus;CombinedGazeForward;CombinedGazePosition;InterPupillaryDistanceInMM;LeftEyeStatus;LeftEyeForward;LeftEyePosition;LeftPupilIrisDiameterRatio;LeftPupilDiameterInMM;LeftIrisDiameterInMM;RightEyeStatus;RightEyeForward;RightEyePosition;RightPupilIrisDiameterRatio;RightPupilDiameterInMM;RightIrisDiameterInMM;FocusDistance;FocusStability;FocusItem
363969;1000001920221768293;63791270631692;(-0.424, 1.140, 0.424);(-0.035, 0.041, -0.005, 0.999);INVALID;;;;INVALID;;;;;;INVALID;;;;;;;;
363988;1000001920316801296;63791270631692;(-0.424, 1.140, 0.424);(-0.035, 0.041, -0.005, 0.999);INVALID;;;;INVALID;;;;;;INVALID;;;;;;;;
364007;1000001920411896469;63791270631693;(-0.424, 1.140, 0.424);(-0.035, 0.041, -0.005, 0.999);INVALID;;;;INVALID;;;;;;INVALID;;;;;;;;
364029;1000001920521812900;63791270631738;(-0.424, 1.140, 0.424);(-0.035, 0.041, -0.005, 0.999);INVALID;;;;INVALID;;;;;;INVALID;;;;;;;;
364107;1000001920911909145;63791270632576;(-0.424, 1.139, 0.424);(-0.035, 0.041, -0.005, 0.999);INVALID;;;;INVALID;;;;;;INVALID;;;;;;;;
364129;1000001921021959770;63791270632576;(-0.424, 1.139, 0.424);(-0.035, 0.041, -0.005, 0.999);INVALID;;;;INVALID;;;;;;INVALID;;;;;;;;
364148;1000001921117001660;63791270632576;(-0.424, 1.139, 0.424);(-0.035, 0.041, -0.005, 0.999);INVALID;;;;INVALID;;;;;;INVALID;;;;;;;;
364169;1000001921222048636;63791270632576;(-0.424, 1.139, 0.424);(-0.035, 0.041, -0.005, 0.999);INVALID;;;;INVALID;;;;;;INVALID;;;;;;;;
364188;1000001921317090008;63791270632576;(-0.424, 1.139, 0.424);(-0.035, 0.041, -0.005, 0.999);INVALID;;;;INVALID;;;;;;INVALID;;;;;;;;
364207;1000001921412129565;63791270632617;(-0.423, 1.140, 0.424);(-0.035, 0.041, -0.005, 0.999);INVALID;;;;INVALID;;;;;;INVALID;;;;;;;;
364229;1000001921522172934;63791270632710;(-0.424, 1.140, 0.424);(-0.035, 0.041, -0.005, 0.999);INVALID;;;;INVALID;;;;;;INVALID;;;;;;;;
364248;1000001921617209824;63791270632812;(-0.423, 1.140, 0.424);(-0.035, 0.041, -0.005, 0.999);INVALID;;;;INVALID;;;;;;INVALID;;;;;;;;
364269;1000001921722247938;63791270632910;(-0.422, 1.140, 0.424);(-0.035, 0.041, -0.005, 0.999);INVALID;;;;INVALID;;;;;;INVALID;;;;;;;;
364288;1000001921817281134;63791270633012;(-0.422, 1.140, 0.424);(-0.035, 0.041, -0.005, 0.999);INVALID;;;;INVALID;;;;;;INVALID;;;;;;;;
364307;1000001921912313372;63791270633099;(-0.422, 1.141, 0.424);(-0.035, 0.041, -0.005, 0.999);INVALID;;;;INVALID;;;;;;INVALID;;;;;;;;
364329;1000001922022349006;63791270633211;(-0.422, 1.141, 0.424);(-0.035, 0.041, -0.005, 0.999);INVALID;;;;INVALID;;;;;;INVALID;;;;;;;;
364347;1000001922112377753;63791270633299;(-0.422, 1.141, 0.424);(-0.035, 0.041, -0.005, 0.999);INVALID;;;;INVALID;;;;;;INVALID;;;;;;;;
364369;1000001922222411690;63791270633412;(-0.422, 1.141, 0.424);(-0.035, 0.041, -0.005, 0.999);INVALID;;;;INVALID;;;;;;INVALID;;;;;;;;
364388;1000001922317440441;63791270633510;(-0.421, 1.142, 0.424);(-0.034, 0.041, -0.005, 0.999);INVALID;;;;INVALID;;;;;;INVALID;;;;;;;;
364407;1000001922412467941;63791270633621;(-0.422, 1.141, 0.424);(-0.034, 0.041, -0.005, 0.999);INVALID;;;;INVALID;;;;;;INVALID;;;;;;;;
364429;1000001922522415865;63791270633710;(-0.422, 1.141, 0.424);(-0.033, 0.041, -0.004, 0.999);INVALID;;;;INVALID;;;;;;INVALID;;;;;;;;
364447;1000001922612384471;63791270633800;(-0.424, 1.141, 0.426);(-0.032, 0.041, -0.004, 0.999);INVALID;;;;INVALID;;;;;;INVALID;;;;;;;;
364469;1000001922722435103;63791270633911;(-0.425, 1.141, 0.426);(-0.031, 0.041, -0.004, 0.999);INVALID;;;;INVALID;;;;;;INVALID;;;;;;;;
364488;1000001922817476997;63791270634011;(-0.426, 1.140, 0.426);(-0.032, 0.041, -0.004, 0.999);INVALID;;;;INVALID;;;;;;INVALID;;;;;;;;
364507;1000001922912517522;63791270634099;(-0.427, 1.139, 0.426);(-0.031, 0.041, -0.004, 0.999);INVALID;;;;INVALID;;;;;;INVALID;;;;;;;;
364529;1000001923022568907;63791270634210;(-0.428, 1.139, 0.426);(-0.031, 0.041, -0.004, 0.999);INVALID;;;;INVALID;;;;;;INVALID;;;;;;;;
364547;1000001923112609591;63791270634309;(-0.429, 1.138, 0.426);(-0.031, 0.041, -0.004, 0.999);INVALID;;;;INVALID;;;;;;INVALID;;;;;;;;
364569;1000001923222659108;63791270634410;(-0.430, 1.138, 0.426);(-0.031, 0.041, -0.004, 0.999);INVALID;;;;INVALID;;;;;;INVALID;;;;;;;;
364588;1000001923317702653;63791270634510;(-0.430, 1.138, 0.427);(-0.031, 0.041, -0.004, 0.999);INVALID;;;;INVALID;;;;;;INVALID;;;;;;;;
364607;1000001923412747141;63791270634610;(-0.431, 1.137, 0.426);(-0.033, 0.041, -0.005, 0.999);INVALID;;;;INVALID;;;;;;INVALID;;;;;;;;
364629;1000001923522791727;63791270634732;(-0.432, 1.137, 0.427);(-0.032, 0.040, -0.004, 0.999);INVALID;;;;INVALID;;;;;;INVALID;;;;;;;;
364647;1000001923612833062;63791270634799;(-0.432, 1.137, 0.425);(-0.022, 0.057, 0.000, 0.998);INVALID;;;;INVALID;;;;;;INVALID;;;;;;;;
364669;1000001923722949677;63791270634910;(-0.423, 1.145, 0.407);(0.026, 0.066, 0.064, 0.995);INVALID;;;;INVALID;;;;;;INVALID;;;;;;;;
364688;1000001923817984483;63791270635010;(-0.412, 1.161, 0.380);(0.060, 0.069, 0.155, 0.984);INVALID;;;;INVALID;;;;;;INVALID;;;;;;;;
364707;1000001923913021489;63791270635109;(-0.407, 1.179, 0.340);(0.102, 0.053, 0.261, 0.958);INVALID;;;;INVALID;;;;;;INVALID;;;;;;;;
364729;1000001924023057270;63791270635210;(-0.401, 1.193, 0.284);(0.176, 0.005, 0.323, 0.930);INVALID;;;;INVALID;;;;;;INVALID;;;;;;;;
364747;1000001924113091739;63791270635310;(-0.405, 1.201, 0.220);(0.251, -0.046, 0.320, 0.912);INVALID;;;;INVALID;;;;;;INVALID;;;;;;;;
364769;1000001924223126600;63791270635409;(-0.412, 1.202, 0.159);(0.305, -0.109, 0.317, 0.891);INVALID;;;;INVALID;;;;;;INVALID;;;;;;;;
364788;1000001924318158552;63791270635509;(-0.417, 1.198, 0.102);(0.358, -0.139, 0.311, 0.869);INVALID;;;;INVALID;;;;;;INVALID;;;;;;;;
364807;1000001924413193003;63791270635610;(-0.408, 1.193, 0.054);(0.417, -0.148, 0.316, 0.839);INVALID;;;;INVALID;;;;;;INVALID;;;;;;;;
364828;1000001924518161617;63791270635709;(-0.391, 1.177, 0.015);(0.473, -0.130, 0.339, 0.803);INVALID;;;;INVALID;;;;;;INVALID;;;;;;;;
364847;1000001924613138513;63791270635820;(-0.358, 1.148, -0.019);(0.516, -0.103, 0.370, 0.766);INVALID;;;;INVALID;;;;;;INVALID;;;;;;;;
364869;1000001924723191713;63791270635920;(-0.323, 1.125, -0.043);(0.547, -0.084, 0.404, 0.729);INVALID;;;;INVALID;;;;;;INVALID;;;;;;;;
364888;1000001924818238892;63791270636009;(-0.294, 1.105, -0.059);(0.563, -0.076, 0.421, 0.707);INVALID;;;;INVALID;;;;;;INVALID;;;;;;;;
364907;1000001924913286752;63791270636108;(-0.270, 1.084, -0.072);(0.579, -0.050, 0.425, 0.694);INVALID;;;;INVALID;;;;;;INVALID;;;;;;;;
364929;1000001925023343366;63791270636220;(-0.254, 1.069, -0.083);(0.593, -0.028, 0.425, 0.683);INVALID;;;;INVALID;;;;;;INVALID;;;;;;;;
364947;1000001925113508063;63791270636309;(-0.252, 1.070, -0.085);(0.591, -0.034, 0.435, 0.679);INVALID;;;;INVALID;;;;;;INVALID;;;;;;;;
364969;1000001925223557857;63791270636419;(-0.262, 1.076, -0.080);(0.578, -0.047, 0.419, 0.698);INVALID;;;;INVALID;;;;;;INVALID;;;;;;;;
364988;1000001925318601186;63791270636508;(-0.274, 1.079, -0.078);(0.575, -0.054, 0.393, 0.715);INVALID;;;;INVALID;;;;;;INVALID;;;;;;;;
365007;1000001925413642132;63791270636608;(-0.284, 1.086, -0.078);(0.574, -0.061, 0.395, 0.715);INVALID;;;;INVALID;;;;;;INVALID;;;;;;;;
365028;1000001925518685677;63791270636708;(-0.293, 1.107, -0.071);(0.549, -0.076, 0.431, 0.712);INVALID;;;;INVALID;;;;;;INVALID;;;;;;;;
365047;1000001925613724376;63791270636809;(-0.311, 1.155, -0.041);(0.486, -0.096, 0.447, 0.744);INVALID;;;;INVALID;;;;;;INVALID;;;;;;;;
365069;1000001925723766619;63791270636931;(-0.352, 1.231, 0.016);(0.366, -0.091, 0.392, 0.839);INVALID;;;;INVALID;;;;;;INVALID;;;;;;;;
365088;1000001925818801166;63791270637010;(-0.384, 1.282, 0.058);(0.283, -0.089, 0.326, 0.897);INVALID;;;;INVALID;;;;;;INVALID;;;;;;;;
365107;1000001925913898932;63791270637110;(-0.420, 1.324, 0.111);(0.176, -0.113, 0.239, 0.948);INVALID;;;;INVALID;;;;;;INVALID;;;;;;;;
365128;1000001926018930294;63791270637211;(-0.444, 1.338, 0.159);(0.093, -0.116, 0.178, 0.973);INVALID;;;;INVALID;;;;;;INVALID;;;;;;;;
365147;1000001926113958230;63791270637310;(-0.453, 1.326, 0.197);(0.028, -0.102, 0.244, 0.964);INVALID;;;;INVALID;;;;;;INVALID;;;;;;;;
365169;1000001926223988951;63791270637410;(-0.457, 1.295, 0.227);(0.016, -0.092, 0.270, 0.958);INVALID;;;;INVALID;;;;;;INVALID;;;;;;;;
365188;1000001926319014528;63791270637510;(-0.457, 1.260, 0.243);(0.070, -0.093, 0.282, 0.952);INVALID;;;;INVALID;;;;;;INVALID;;;;;;;;
365206;1000001926409038864;63791270637599;(-0.454, 1.233, 0.253);(0.094, -0.093, 0.306, 0.943);INVALID;;;;INVALID;;;;;;INVALID;;;;;;;;
365228;1000001926518936491;63791270637710;(-0.448, 1.220, 0.264);(0.105, -0.085, 0.307, 0.942);INVALID;;;;INVALID;;;;;;INVALID;;;;;;;;
365247;1000001926613902460;63791270637810;(-0.448, 1.217, 0.277);(0.090, -0.078, 0.287, 0.950);INVALID;;;;INVALID;;;;;;INVALID;;;;;;;;
365269;1000001926723952136;63791270637910;(-0.447, 1.210, 0.292);(0.084, -0.069, 0.259, 0.960);INVALID;;;;INVALID;;;;;;INVALID;;;;;;;;
365288;1000001926818992724;63791270638032;(-0.442, 1.193, 0.309);(0.097, -0.050, 0.229, 0.967);INVALID;;;;INVALID;;;;;;INVALID;;;;;;;;
365307;1000001926914032087;63791270638110;(-0.438, 1.180, 0.318);(0.110, -0.040, 0.205, 0.972);INVALID;;;;INVALID;;;;;;INVALID;;;;;;;;
365328;1000001927019079196;63791270638210;(-0.432, 1.172, 0.329);(0.100, -0.029, 0.169, 0.980);INVALID;;;;INVALID;;;;;;INVALID;;;;;;;;
365347;1000001927114120800;63791270638310;(-0.423, 1.167, 0.339);(0.091, -0.011, 0.146, 0.985);INVALID;;;;INVALID;;;;;;INVALID;;;;;;;;
365369;1000001927224168839;63791270638411;(-0.414, 1.161, 0.347);(0.086, 0.001, 0.107, 0.991);INVALID;;;;INVALID;;;;;;INVALID;;;;;;;;
365388;1000001927319208238;63791270638510;(-0.408, 1.155, 0.355);(0.072, 0.022, 0.073, 0.995);INVALID;;;;INVALID;;;;;;INVALID;;;;;;;;
365406;1000001927409244597;63791270638598;(-0.405, 1.150, 0.362);(0.054, 0.024, 0.053, 0.997);INVALID;;;;INVALID;;;;;;INVALID;;;;;;;;
365428;1000001927519287213;63791270638711;(-0.407, 1.147, 0.375);(0.034, 0.025, 0.050, 0.998);INVALID;;;;INVALID;;;;;;INVALID;;;;;;;;
365447;1000001927614321501;63791270638810;(-0.409, 1.145, 0.388);(0.026, 0.026, 0.038, 0.999);INVALID;;;;INVALID;;;;;;INVALID;;;;;;;;
365469;1000001927724359782;63791270638921;(-0.410, 1.142, 0.405);(0.028, 0.042, 0.013, 0.999);INVALID;;;;INVALID;;;;;;INVALID;;;;;;;;
365488;1000001927819391976;63791270639009;(-0.409, 1.140, 0.418);(0.021, 0.058, -0.008, 0.998);INVALID;;;;INVALID;;;;;;INVALID;;;;;;;;
365506;1000001927909421600;63791270639120;(-0.410, 1.140, 0.431);(-0.014, 0.075, -0.003, 0.997);INVALID;;;;INVALID;;;;;;INVALID;;;;;;;;
365528;1000001928019456408;63791270639210;(-0.412, 1.140, 0.431);(-0.010, 0.063, -0.005, 0.998);INVALID;;;;INVALID;;;;;;INVALID;;;;;;;;
365547;1000001928114486289;63791270639310;(-0.413, 1.140, 0.430);(-0.017, 0.069, -0.005, 0.997);INVALID;;;;INVALID;;;;;;INVALID;;;;;;;;
365569;1000001928224518744;63791270639421;(-0.415, 1.139, 0.426);(-0.025, 0.075, -0.005, 0.997);INVALID;;;;INVALID;;;;;;INVALID;;;;;;;;
365588;1000001928319545852;63791270639510;(-0.416, 1.138, 0.423);(-0.023, 0.078, -0.005, 0.997);INVALID;;;;INVALID;;;;;;INVALID;;;;;;;;
365606;1000001928409632477;63791270639598;(-0.416, 1.138, 0.423);(-0.025, 0.077, -0.005, 0.997);INVALID;;;;INVALID;;;;;;INVALID;;;;;;;;
365628;1000001928519664592;63791270639709;(-0.417, 1.138, 0.424);(-0.025, 0.077, -0.005, 0.997);INVALID;;;;INVALID;;;;;;INVALID;;;;;;;;
365647;1000001928614691553;63791270639810;(-0.417, 1.138, 0.424);(-0.026, 0.077, -0.005, 0.997);INVALID;;;;INVALID;;;;;;INVALID;;;;;;;;
365669;1000001928724729714;63791270639920;(-0.417, 1.138, 0.424);(-0.026, 0.077, -0.005, 0.997);INVALID;;;;INVALID;;;;;;INVALID;;;;;;;;
365688;1000001928819761303;63791270640010;(-0.417, 1.138, 0.424);(-0.025, 0.077, -0.005, 0.997);INVALID;;;;INVALID;;;;;;INVALID;;;;;;;;
365706;1000001928909792018;63791270640098;(-0.417, 1.138, 0.424);(-0.025, 0.077, -0.005, 0.997);INVALID;;;;INVALID;;;;;;INVALID;;;;;;;;
365728;1000001929019830296;63791270640231;(-0.416, 1.138, 0.423);(-0.025, 0.077, -0.004, 0.997);INVALID;;;;INVALID;;;;;;INVALID;;;;;;;;
365747;1000001929114864727;63791270640310;(-0.416, 1.138, 0.423);(-0.025, 0.077, -0.004, 0.997);INVALID;;;;INVALID;;;;;;INVALID;;;;;;;;
365769;1000001929224976144;63791270640421;(-0.416, 1.138, 0.423);(-0.025, 0.077, -0.004, 0.997);INVALID;;;;INVALID;;;;;;INVALID;;;;;;;;
365788;1000001929320005534;63791270640510;(-0.416, 1.138, 0.423);(-0.025, 0.077, -0.004, 0.997);INVALID;;;;INVALID;;;;;;INVALID;;;;;;;;
365806;1000001929410038315;63791270640598;(-0.415, 1.139, 0.423);(-0.025, 0.077, -0.004, 0.997);INVALID;;;;INVALID;;;;;;INVALID;;;;;;;;
365828;1000001929520072897;63791270640709;(-0.413, 1.140, 0.423);(-0.025, 0.077, -0.004, 0.997);INVALID;;;;INVALID;;;;;;INVALID;;;;;;;;
365847;1000001929615105635;63791270640810;(-0.412, 1.141, 0.423);(-0.025, 0.077, -0.004, 0.997);INVALID;;;;INVALID;;;;;;INVALID;;;;;;;;
365869;1000001929725136345;63791270640920;(-0.411, 1.141, 0.423);(-0.025, 0.078, -0.004, 0.997);INVALID;;;;INVALID;;;;;;INVALID;;;;;;;;
365888;1000001929820165547;63791270641010;(-0.410, 1.142, 0.422);(-0.025, 0.080, -0.004, 0.997);INVALID;;;;INVALID;;;;;;INVALID;;;;;;;;
365906;1000001929910197988;63791270641098;(-0.411, 1.141, 0.422);(-0.025, 0.079, -0.004, 0.997);INVALID;;;;INVALID;;;;;;INVALID;;;;;;;;
365928;1000001930020231754;63791270641209;(-0.412, 1.140, 0.423);(-0.025, 0.079, -0.004, 0.997);INVALID;;;;INVALID;;;;;;INVALID;;;;;;;;
365947;1000001930115263386;63791270641320;(-0.413, 1.140, 0.423);(-0.025, 0.079, -0.004, 0.997);INVALID;;;;INVALID;;;;;;INVALID;;;;;;;;
365969;1000001930225184891;63791270641420;(-0.414, 1.140, 0.423);(-0.025, 0.079, -0.004, 0.997);INVALID;;;;INVALID;;;;;;INVALID;;;;;;;;
365987;1000001930315218526;63791270641509;(-0.415, 1.139, 0.423);(-0.025, 0.079, -0.004, 0.997);INVALID;;;;INVALID;;;;;;INVALID;;;;;;;;
366006;1000001930410256272;63791270641598;(-0.415, 1.139, 0.423);(-0.025, 0.079, -0.004, 0.997);INVALID;;;;INVALID;;;;;;INVALID;;;;;;;;
366028;1000001930520372473;63791270641710;(-0.415, 1.139, 0.423);(-0.024, 0.079, -0.004, 0.997);INVALID;;;;INVALID;;;;;;INVALID;;;;;;;;
366047;1000001930615406813;63791270641810;(-0.415, 1.139, 0.423);(-0.024, 0.079, -0.004, 0.997);INVALID;;;;INVALID;;;;;;INVALID;;;;;;;;
366069;1000001930725448752;63791270641920;(-0.417, 1.138, 0.423);(-0.024, 0.079, -0.004, 0.997);INVALID;;;;INVALID;;;;;;INVALID;;;;;;;;
366087;1000001930815483363;63791270642009;(-0.418, 1.137, 0.423);(-0.025, 0.079, -0.004, 0.997);INVALID;;;;INVALID;;;;;;INVALID;;;;;;;;
366106;1000001930910518500;63791270642098;(-0.418, 1.137, 0.423);(-0.025, 0.079, -0.004, 0.997);INVALID;;;;INVALID;;;;;;INVALID;;;;;;;;
366128;1000001931020565872;63791270642210;(-0.417, 1.138, 0.423);(-0.025, 0.079, -0.004, 0.997);INVALID;;;;INVALID;;;;;;INVALID;;;;;;;;
366147;1000001931115605336;63791270642310;(-0.418, 1.137, 0.423);(-0.025, 0.079, -0.004, 0.997);INVALID;;;;INVALID;;;;;;INVALID;;;;;;;;
366169;1000001931225650601;63791270642432;(-0.418, 1.137, 0.423);(-0.025, 0.079, -0.004, 0.997);INVALID;;;;INVALID;;;;;;INVALID;;;;;;;;
366187;1000001931315686033;63791270642509;(-0.418, 1.137, 0.423);(-0.025, 0.079, -0.004, 0.997);INVALID;;;;INVALID;;;;;;INVALID;;;;;;;;
366206;1000001931410722828;63791270642598;(-0.418, 1.137, 0.423);(-0.025, 0.079, -0.004, 0.997);INVALID;;;;INVALID;;;;;;INVALID;;;;;;;;
366228;1000001931520763617;63791270642710;(-0.417, 1.138, 0.423);(-0.025, 0.079, -0.004, 0.997);INVALID;;;;INVALID;;;;;;INVALID;;;;;;;;
366247;1000001931615797448;63791270642809;(-0.417, 1.137, 0.423);(-0.025, 0.079, -0.004, 0.997);INVALID;;;;INVALID;;;;;;INVALID;;;;;;;;
366269;1000001931725835412;63791270642920;(-0.417, 1.137, 0.423);(-0.025, 0.079, -0.004, 0.997);INVALID;;;;INVALID;;;;;;INVALID;;;;;;;;
366287;1000001931815926260;63791270643009;(-0.417, 1.138, 0.423);(-0.025, 0.079, -0.004, 0.997);INVALID;;;;INVALID;;;;;;INVALID;;;;;;;;
366306;1000001931910952745;63791270643098;(-0.417, 1.137, 0.423);(-0.025, 0.079, -0.004, 0.997);INVALID;;;;INVALID;;;;;;INVALID;;;;;;;;
366328;1000001932020982986;63791270643209;(-0.418, 1.137, 0.423);(-0.025, 0.079, -0.004, 0.997);INVALID;;;;INVALID;;;;;;INVALID;;;;;;;;
366347;1000001932116008679;63791270643310;(-0.418, 1.137, 0.423);(-0.025, 0.079, -0.004, 0.997);INVALID;;;;INVALID;;;;;;INVALID;;;;;;;;
366369;1000001932226039438;63791270643421;(-0.417, 1.137, 0.423);(-0.025, 0.079, -0.004, 0.997);INVALID;;;;INVALID;;;;;;INVALID;;;;;;;;
366387;1000001932316061609;63791270643520;(-0.417, 1.138, 0.423);(-0.025, 0.079, -0.004, 0.997);INVALID;;;;INVALID;;;;;;INVALID;;;;;;;;
366406;1000001932411085096;63791270643598;(-0.417, 1.138, 0.423);(-0.025, 0.079, -0.004, 0.997);INVALID;;;;INVALID;;;;;;INVALID;;;;;;;;
366428;1000001932521118327;63791270643709;(-0.417, 1.138, 0.423);(-0.025, 0.079, -0.004, 0.997);INVALID;;;;INVALID;;;;;;INVALID;;;;;;;;
366447;1000001932616146229;63791270643809;(-0.416, 1.138, 0.423);(-0.025, 0.079, -0.004, 0.997);INVALID;;;;INVALID;;;;;;INVALID;;;;;;;;
366469;1000001932726185301;63791270643921;(-0.417, 1.138, 0.423);(-0.025, 0.079, -0.004, 0.997);INVALID;;;;INVALID;;;;;;INVALID;;;;;;;;
366487;1000001932816214248;63791270644010;(-0.417, 1.138, 0.423);(-0.025, 0.079, -0.004, 0.997);INVALID;;;;INVALID;;;;;;INVALID;;;;;;;;
366506;1000001932911244565;63791270644098;(-0.417, 1.138, 0.423);(-0.025, 0.079, -0.004, 0.997);INVALID;;;;INVALID;;;;;;INVALID;;;;;;;;
366528;1000001933021285168;63791270644209;(-0.417, 1.138, 0.423);(-0.025, 0.079, -0.004, 0.997);INVALID;;;;INVALID;;;;;;INVALID;;;;;;;;
366547;1000001933116318974;63791270644309;(-0.416, 1.138, 0.423);(-0.025, 0.079, -0.004, 0.997);INVALID;;;;INVALID;;;;;;INVALID;;;;;;;;
366569;1000001933226358082;63791270644420;(-0.416, 1.138, 0.423);(-0.025, 0.079, -0.004, 0.997);INVALID;;;;INVALID;;;;;;INVALID;;;;;;;;
366587;1000001933316389218;63791270644509;(-0.416, 1.138, 0.423);(-0.025, 0.079, -0.004, 0.997);INVALID;;;;INVALID;;;;;;INVALID;;;;;;;;
366606;1000001933411421352;63791270644620;(-0.416, 1.138, 0.423);(-0.025, 0.079, -0.004, 0.997);INVALID;;;;INVALID;;;;;;INVALID;;;;;;;;
366628;1000001933521456165;63791270644709;(-0.416, 1.138, 0.423);(-0.025, 0.079, -0.004, 0.997);INVALID;;;;INVALID;;;;;;INVALID;;;;;;;;
366647;1000001933616486023;63791270644809;(-0.416, 1.138, 0.423);(-0.025, 0.079, -0.004, 0.997);INVALID;;;;INVALID;;;;;;INVALID;;;;;;;;
366668;1000001933721518071;63791270644909;(-0.417, 1.138, 0.423);(-0.025, 0.079, -0.004, 0.997);INVALID;;;;INVALID;;;;;;INVALID;;;;;;;;
366687;1000001933816546140;63791270645009;(-0.417, 1.138, 0.423);(-0.025, 0.079, -0.004, 0.997);INVALID;;;;INVALID;;;;;;INVALID;;;;;;;;
366706;1000001933911637357;63791270645098;(-0.417, 1.138, 0.423);(-0.025, 0.079, -0.004, 0.997);INVALID;;;;INVALID;;;;;;INVALID;;;;;;;;
366728;1000001934021662844;63791270645210;(-0.417, 1.138, 0.423);(-0.025, 0.079, -0.004, 0.997);INVALID;;;;INVALID;;;;;;INVALID;;;;;;;;
366747;1000001934116683795;63791270645309;(-0.416, 1.138, 0.423);(-0.025, 0.079, -0.004, 0.997);INVALID;;;;INVALID;;;;;;INVALID;;;;;;;;
366768;1000001934221706194;63791270645409;(-0.415, 1.139, 0.423);(-0.025, 0.079, -0.004, 0.997);INVALID;;;;INVALID;;;;;;INVALID;;;;;;;;
366787;1000001934316726988;63791270645509;(-0.416, 1.138, 0.423);(-0.025, 0.079, -0.004, 0.997);INVALID;;;;INVALID;;;;;;INVALID;;;;;;;;
366806;1000001934411748977;63791270645598;(-0.416, 1.138, 0.423);(-0.025, 0.079, -0.004, 0.997);INVALID;;;;INVALID;;;;;;INVALID;;;;;;;;
366828;1000001934521779961;63791270645732;(-0.416, 1.138, 0.423);(-0.025, 0.079, -0.004, 0.997);INVALID;;;;INVALID;;;;;;INVALID;;;;;;;;
366847;1000001934616806214;63791270645810;(-0.416, 1.138, 0.423);(-0.025, 0.079, -0.004, 0.997);INVALID;;;;INVALID;;;;;;INVALID;;;;;;;;
366868;1000001934721838718;63791270645909;(-0.416, 1.138, 0.423);(-0.025, 0.079, -0.004, 0.997);INVALID;;;;INVALID;;;;;;INVALID;;;;;;;;
366887;1000001934816869130;63791270646009;(-0.416, 1.138, 0.423);(-0.025, 0.079, -0.004, 0.997);INVALID;;;;INVALID;;;;;;INVALID;;;;;;;;
366906;1000001934911901988;63791270646098;(-0.417, 1.138, 0.423);(-0.025, 0.079, -0.004, 0.997);INVALID;;;;INVALID;;;;;;INVALID;;;;;;;;
366928;1000001935021941823;63791270646210;(-0.416, 1.138, 0.423);(-0.025, 0.079, -0.004, 0.997);INVALID;;;;INVALID;;;;;;INVALID;;;;;;;;
366947;1000001935116978652;63791270646309;(-0.416, 1.138, 0.423);(-0.025, 0.079, -0.004, 0.997);INVALID;;;;INVALID;;;;;;INVALID;;;;;;;;
366968;1000001935222016560;63791270646409;(-0.416, 1.138, 0.423);(-0.025, 0.079, -0.004, 0.997);INVALID;;;;INVALID;;;;;;INVALID;;;;;;;;
366987;1000001935317053229;63791270646509;(-0.417, 1.138, 0.423);(-0.025, 0.079, -0.004, 0.997);INVALID;;;;INVALID;;;;;;INVALID;;;;;;;;
367006;1000001935412092844;63791270646598;(-0.417, 1.138, 0.423);(-0.025, 0.079, -0.004, 0.997);INVALID;;;;INVALID;;;;;;INVALID;;;;;;;;
367028;1000001935522131602;63791270646709;(-0.416, 1.138, 0.423);(-0.025, 0.079, -0.004, 0.997);INVALID;;;;INVALID;;;;;;INVALID;;;;;;;;
367046;1000001935612167511;63791270646820;(-0.417, 1.138, 0.423);(-0.025, 0.079, -0.004, 0.997);INVALID;;;;INVALID;;;;;;INVALID;;;;;;;;
367068;1000001935722204592;63791270646909;(-0.417, 1.138, 0.423);(-0.025, 0.079, -0.004, 0.997);INVALID;;;;INVALID;;;;;;INVALID;;;;;;;;
367087;1000001935817238774;63791270647009;(-0.417, 1.138, 0.423);(-0.025, 0.079, -0.004, 0.997);INVALID;;;;INVALID;;;;;;INVALID;;;;;;;;
367106;1000001935912274640;63791270647109;(-0.417, 1.138, 0.423);(-0.025, 0.079, -0.004, 0.997);INVALID;;;;INVALID;;;;;;INVALID;;;;;;;;
367128;1000001936022309263;63791270647209;(-0.417, 1.138, 0.423);(-0.025, 0.079, -0.004, 0.997);INVALID;;;;INVALID;;;;;;INVALID;;;;;;;;
367146;1000001936112342367;63791270647309;(-0.417, 1.138, 0.423);(-0.025, 0.079, -0.004, 0.997);INVALID;;;;INVALID;;;;;;INVALID;;;;;;;;
367168;1000001936222377259;63791270647410;(-0.416, 1.138, 0.423);(-0.025, 0.079, -0.004, 0.997);INVALID;;;;INVALID;;;;;;INVALID;;;;;;;;
367187;1000001936317409827;63791270647509;(-0.416, 1.138, 0.423);(-0.025, 0.079, -0.004, 0.997);INVALID;;;;INVALID;;;;;;INVALID;;;;;;;;
367206;1000001936412443397;63791270647610;(-0.416, 1.138, 0.423);(-0.025, 0.079, -0.004, 0.997);INVALID;;;;INVALID;;;;;;INVALID;;;;;;;;
367228;1000001936522484521;63791270647709;(-0.416, 1.138, 0.423);(-0.025, 0.079, -0.004, 0.997);INVALID;;;;INVALID;;;;;;INVALID;;;;;;;;
367246;1000001936612518523;63791270647810;(-0.416, 1.138, 0.423);(-0.025, 0.079, -0.004, 0.997);INVALID;;;;INVALID;;;;;;INVALID;;;;;;;;
367268;1000001936722562888;63791270647932;(-0.417, 1.138, 0.423);(-0.025, 0.079, -0.004, 0.997);INVALID;;;;INVALID;;;;;;INVALID;;;;;;;;
367287;1000001936817602970;63791270648010;(-0.416, 1.138, 0.423);(-0.025, 0.079, -0.004, 0.997);INVALID;;;;INVALID;;;;;;INVALID;;;;;;;;
367306;1000001936912642186;63791270648099;(-0.416, 1.138, 0.423);(-0.025, 0.079, -0.004, 0.997);INVALID;;;;INVALID;;;;;;INVALID;;;;;;;;
367328;1000001937022692903;63791270648209;(-0.417, 1.138, 0.423);(-0.025, 0.079, -0.004, 0.997);INVALID;;;;INVALID;;;;;;INVALID;;;;;;;;
367346;1000001937112730097;63791270648309;(-0.416, 1.138, 0.423);(-0.025, 0.079, -0.004, 0.997);INVALID;;;;INVALID;;;;;;INVALID;;;;;;;;
367368;1000001937222776255;63791270648409;(-0.416, 1.138, 0.423);(-0.025, 0.079, -0.004, 0.997);INVALID;;;;INVALID;;;;;;INVALID;;;;;;;;
367387;1000001937317877843;63791270648510;(-0.416, 1.138, 0.423);(-0.025, 0.079, -0.004, 0.997);INVALID;;;;INVALID;;;;;;INVALID;;;;;;;;
367406;1000001937412911019;63791270648610;(-0.416, 1.138, 0.423);(-0.025, 0.079, -0.004, 0.997);INVALID;;;;INVALID;;;;;;INVALID;;;;;;;;
367428;1000001937522947608;63791270648709;(-0.416, 1.138, 0.423);(-0.025, 0.079, -0.004, 0.997);INVALID;;;;INVALID;;;;;;INVALID;;;;;;;;
367446;1000001937612976057;63791270648810;(-0.417, 1.138, 0.423);(-0.025, 0.079, -0.004, 0.997);INVALID;;;;INVALID;;;;;;INVALID;;;;;;;;
367468;1000001937723009527;63791270648909;(-0.417, 1.138, 0.423);(-0.025, 0.079, -0.004, 0.997);INVALID;;;;INVALID;;;;;;INVALID;;;;;;;;
367487;1000001937818037481;63791270649020;(-0.417, 1.138, 0.423);(-0.025, 0.079, -0.004, 0.997);INVALID;;;;INVALID;;;;;;INVALID;;;;;;;;
367506;1000001937913065354;63791270649110;(-0.417, 1.138, 0.423);(-0.025, 0.079, -0.004, 0.997);INVALID;;;;INVALID;;;;;;INVALID;;;;;;;;
367527;1000001938018094506;63791270649210;(-0.417, 1.138, 0.423);(-0.025, 0.079, -0.004, 0.997);INVALID;;;;INVALID;;;;;;INVALID;;;;;;;;
367546;1000001938113120112;63791270649309;(-0.417, 1.138, 0.423);(-0.025, 0.079, -0.004, 0.997);INVALID;;;;INVALID;;;;;;INVALID;;;;;;;;
367568;1000001938223150645;63791270649409;(-0.417, 1.138, 0.423);(-0.025, 0.079, -0.004, 0.997);INVALID;;;;INVALID;;;;;;INVALID;;;;;;;;
367587;1000001938318176119;63791270649510;(-0.417, 1.138, 0.423);(-0.025, 0.079, -0.004, 0.997);INVALID;;;;INVALID;;;;;;INVALID;;;;;;;;
367606;1000001938413201518;63791270649609;(-0.417, 1.138, 0.423);(-0.025, 0.079, -0.004, 0.997);INVALID;;;;INVALID;;;;;;INVALID;;;;;;;;
367627;1000001938518233776;63791270649710;(-0.417, 1.138, 0.423);(-0.025, 0.079, -0.004, 0.997);INVALID;;;;INVALID;;;;;;INVALID;;;;;;;;
367646;1000001938613325963;63791270649810;(-0.417, 1.138, 0.423);(-0.025, 0.079, -0.004, 0.997);INVALID;;;;INVALID;;;;;;INVALID;;;;;;;;
367668;1000001938723360600;63791270649910;(-0.417, 1.138, 0.423);(-0.025, 0.079, -0.004, 0.997);INVALID;;;;INVALID;;;;;;INVALID;;;;;;;;
367687;1000001938818389479;63791270650009;(-0.417, 1.138, 0.423);(-0.025, 0.079, -0.005, 0.997);INVALID;;;;INVALID;;;;;;INVALID;;;;;;;;
367706;1000001938913417434;63791270650120;(-0.417, 1.138, 0.423);(-0.025, 0.079, -0.005, 0.997);INVALID;;;;INVALID;;;;;;INVALID;;;;;;;;
367728;1000001939023456052;63791270650220;(-0.417, 1.138, 0.423);(-0.025, 0.079, -0.005, 0.997);INVALID;;;;INVALID;;;;;;INVALID;;;;;;;;
367746;1000001939113484945;63791270650310;(-0.417, 1.138, 0.423);(-0.025, 0.079, -0.005, 0.997);INVALID;;;;INVALID;;;;;;INVALID;;;;;;;;
367768;1000001939223521121;63791270650420;(-0.417, 1.138, 0.423);(-0.025, 0.079, -0.005, 0.997);INVALID;;;;INVALID;;;;;;INVALID;;;;;;;;
367787;1000001939318551446;63791270650509;(-0.417, 1.138, 0.423);(-0.025, 0.079, -0.004, 0.997);INVALID;;;;INVALID;;;;;;INVALID;;;;;;;;
367806;1000001939413643792;63791270650609;(-0.417, 1.138, 0.423);(-0.025, 0.079, -0.005, 0.997);INVALID;;;;INVALID;;;;;;INVALID;;;;;;;;
367827;1000001939518669355;63791270650709;(-0.417, 1.138, 0.423);(-0.025, 0.079, -0.005, 0.997);INVALID;;;;INVALID;;;;;;INVALID;;;;;;;;
367846;1000001939613692406;63791270650810;(-0.417, 1.138, 0.423);(-0.025, 0.079, -0.005, 0.997);INVALID;;;;INVALID;;;;;;INVALID;;;;;;;;
367868;1000001939723718179;63791270650920;(-0.417, 1.138, 0.423);(-0.025, 0.079, -0.005, 0.997);INVALID;;;;INVALID;;;;;;INVALID;;;;;;;;
367887;1000001939818740775;63791270651010;(-0.417, 1.138, 0.423);(-0.025, 0.079, -0.005, 0.997);INVALID;;;;INVALID;;;;;;INVALID;;;;;;;;
367905;1000001939908761343;63791270651098;(-0.417, 1.138, 0.423);(-0.025, 0.079, -0.005, 0.997);INVALID;;;;INVALID;;;;;;INVALID;;;;;;;;
367927;1000001940018785336;63791270651232;(-0.418, 1.137, 0.423);(-0.025, 0.079, -0.005, 0.997);INVALID;;;;INVALID;;;;;;INVALID;;;;;;;;
367946;1000001940113806525;63791270651310;(-0.418, 1.137, 0.423);(-0.025, 0.079, -0.005, 0.997);INVALID;;;;INVALID;;;;;;INVALID;;;;;;;;
367968;1000001940223833622;63791270651420;(-0.418, 1.137, 0.423);(-0.025, 0.079, -0.004, 0.997);INVALID;;;;INVALID;;;;;;INVALID;;;;;;;;
367987;1000001940318855845;63791270651510;(-0.418, 1.137, 0.423);(-0.025, 0.079, -0.005, 0.997);INVALID;;;;INVALID;;;;;;INVALID;;;;;;;;
368005;1000001940408938605;63791270651598;(-0.417, 1.138, 0.423);(-0.025, 0.079, -0.005, 0.997);INVALID;;;;INVALID;;;;;;INVALID;;;;;;;;
368027;1000001940518963498;63791270651709;(-0.418, 1.137, 0.423);(-0.025, 0.079, -0.005, 0.997);INVALID;;;;INVALID;;;;;;INVALID;;;;;;;;
368046;1000001940613988029;63791270651810;(-0.418, 1.137, 0.423);(-0.025, 0.079, -0.005, 0.997);INVALID;;;;INVALID;;;;;;INVALID;;;;;;;;
368068;1000001940724020749;63791270651920;(-0.417, 1.138, 0.423);(-0.025, 0.079, -0.005, 0.997);INVALID;;;;INVALID;;;;;;INVALID;;;;;;;;
368087;1000001940819050388;63791270652010;(-0.417, 1.138, 0.423);(-0.025, 0.079, -0.005, 0.997);INVALID;;;;INVALID;;;;;;INVALID;;;;;;;;
368105;1000001940909079854;63791270652098;(-0.417, 1.138, 0.423);(-0.025, 0.079, -0.005, 0.997);INVALID;;;;INVALID;;;;;;INVALID;;;;;;;;
368127;1000001941019118464;63791270652210;(-0.418, 1.137, 0.423);(-0.025, 0.079, -0.005, 0.997);INVALID;;;;INVALID;;;;;;INVALID;;;;;;;;
368146;1000001941114153677;63791270652320;(-0.417, 1.138, 0.423);(-0.025, 0.079, -0.005, 0.997);INVALID;;;;INVALID;;;;;;INVALID;;;;;;;;
368168;1000001941224190884;63791270652420;(-0.418, 1.137, 0.423);(-0.025, 0.079, -0.005, 0.997);INVALID;;;;INVALID;;;;;;INVALID;;;;;;;;
368187;1000001941319225493;63791270652509;(-0.417, 1.138, 0.423);(-0.025, 0.079, -0.005, 0.997);INVALID;;;;INVALID;;;;;;INVALID;;;;;;;;
368205;1000001941409260971;63791270652598;(-0.417, 1.138, 0.423);(-0.025, 0.079, -0.005, 0.997);INVALID;;;;INVALID;;;;;;INVALID;;;;;;;;
368227;1000001941519297550;63791270652710;(-0.416, 1.138, 0.423);(-0.025, 0.079, -0.005, 0.997);INVALID;;;;INVALID;;;;;;INVALID;;;;;;;;
368246;1000001941614332364;63791270652809;(-0.416, 1.138, 0.423);(-0.025, 0.079, -0.005, 0.997);INVALID;;;;INVALID;;;;;;INVALID;;;;;;;;
368268;1000001941724365772;63791270652920;(-0.417, 1.138, 0.423);(-0.025, 0.079, -0.005, 0.997);INVALID;;;;INVALID;;;;;;INVALID;;;;;;;;
368287;1000001941819396672;63791270653009;(-0.416, 1.138, 0.423);(-0.025, 0.079, -0.005, 0.997);INVALID;;;;INVALID;;;;;;INVALID;;;;;;;;
368305;1000001941909490664;63791270653098;(-0.416, 1.138, 0.423);(-0.025, 0.079, -0.005, 0.997);INVALID;;;;INVALID;;;;;;INVALID;;;;;;;;
368327;1000001942019522342;63791270653210;(-0.416, 1.138, 0.423);(-0.025, 0.079, -0.005, 0.997);INVALID;;;;INVALID;;;;;;INVALID;;;;;;;;
368346;1000001942114551785;63791270653309;(-0.417, 1.138, 0.423);(-0.025, 0.079, -0.005, 0.997);INVALID;;;;INVALID;;;;;;INVALID;;;;;;;;
368368;1000001942224583055;63791270653431;(-0.417, 1.138, 0.423);(-0.025, 0.079, -0.005, 0.997);INVALID;;;;INVALID;;;;;;INVALID;;;;;;;;
368387;1000001942319611614;63791270653509;(-0.417, 1.138, 0.423);(-0.025, 0.079, -0.005, 0.997);INVALID;;;;INVALID;;;;;;INVALID;;;;;;;;
368405;1000001942409637583;63791270653598;(-0.417, 1.138, 0.423);(-0.025, 0.079, -0.005, 0.997);INVALID;;;;INVALID;;;;;;INVALID;;;;;;;;
368427;1000001942519749049;63791270653709;(-0.417, 1.138, 0.423);(-0.025, 0.079, -0.005, 0.997);INVALID;;;;INVALID;;;;;;INVALID;;;;;;;;
368446;1000001942614776634;63791270653810;(-0.416, 1.138, 0.423);(-0.025, 0.079, -0.005, 0.997);INVALID;;;;INVALID;;;;;;INVALID;;;;;;;;
368468;1000001942724813671;63791270653920;(-0.416, 1.138, 0.423);(-0.025, 0.079, -0.005, 0.997);INVALID;;;;INVALID;;;;;;INVALID;;;;;;;;
368487;1000001942819846485;63791270654009;(-0.416, 1.138, 0.423);(-0.025, 0.079, -0.005, 0.997);INVALID;;;;INVALID;;;;;;INVALID;;;;;;;;
368505;1000001942909873857;63791270654098;(-0.417, 1.138, 0.423);(-0.025, 0.079, -0.005, 0.997);INVALID;;;;INVALID;;;;;;INVALID;;;;;;;;
368527;1000001943019914031;63791270654209;(-0.417, 1.137, 0.423);(-0.025, 0.079, -0.004, 0.997);INVALID;;;;INVALID;;;;;;INVALID;;;;;;;;
368546;1000001943114947602;63791270654310;(-0.417, 1.138, 0.423);(-0.025, 0.079, -0.004, 0.997);INVALID;;;;INVALID;;;;;;INVALID;;;;;;;;
368568;1000001943224984808;63791270654421;(-0.417, 1.138, 0.423);(-0.025, 0.079, -0.004, 0.997);INVALID;;;;INVALID;;;;;;INVALID;;;;;;;;
368587;1000001943320016460;63791270654532;(-0.417, 1.138, 0.423);(-0.025, 0.079, -0.004, 0.997);INVALID;;;;INVALID;;;;;;INVALID;;;;;;;;
368605;1000001943410045454;63791270654598;(-0.417, 1.138, 0.423);(-0.025, 0.079, -0.004, 0.997);INVALID;;;;INVALID;;;;;;INVALID;;;;;;;;
368627;1000001943520079567;63791270654713;(-0.417, 1.138, 0.423);(-0.025, 0.079, -0.004, 0.997);INVALID;;;;INVALID;;;;;;INVALID;;;;;;;;
368646;1000001943615108104;63791270654808;(-0.417, 1.138, 0.423);(-0.025, 0.079, -0.004, 0.997);INVALID;;;;INVALID;;;;;;INVALID;;;;;;;;
368668;1000001943725139710;63791270654920;(-0.417, 1.138, 0.423);(-0.025, 0.079, -0.004, 0.997);INVALID;;;;INVALID;;;;;;INVALID;;;;;;;;
368686;1000001943815165650;63791270655009;(-0.417, 1.138, 0.423);(-0.025, 0.079, -0.005, 0.997);INVALID;;;;INVALID;;;;;;INVALID;;;;;;;;
368705;1000001943910192209;63791270655097;(-0.416, 1.138, 0.423);(-0.025, 0.079, -0.005, 0.997);INVALID;;;;INVALID;;;;;;INVALID;;;;;;;;
368727;1000001944020770991;63791270655208;(-0.416, 1.138, 0.423);(-0.025, 0.079, -0.005, 0.997);INVALID;;;;INVALID;;;;;;INVALID;;;;;;;;
368746;1000001944115850864;63791270655308;(-0.416, 1.138, 0.423);(-0.025, 0.079, -0.005, 0.997);INVALID;;;;INVALID;;;;;;INVALID;;;;;;;;
368768;1000001944225869142;63791270655418;(-0.416, 1.138, 0.423);(-0.025, 0.079, -0.005, 0.997);INVALID;;;;INVALID;;;;;;INVALID;;;;;;;;
368786;1000001944315881759;63791270655509;(-0.415, 1.139, 0.423);(-0.025, 0.079, -0.005, 0.997);INVALID;;;;INVALID;;;;;;INVALID;;;;;;;;
